-- Users
-- Password is 'Password123!' (Hash: $2a$11$79K.H9yJg9yJg9yJg9yJgO... placeholder)
-- NOTE: You might need to update the PasswordHash with a valid one generated by your app if login fails.
INSERT INTO "Users" ("Id", "FirstName", "LastName", "Email", "PasswordHash", "ProfileImageUrl", "CreatedAt")
VALUES 
(1, 'John', 'Doe', 'john@example.com', '$2a$11$.yjULX9RNpuV52BUErA0TOWafLdp2cvBGDa22cpuJLGXd88bnR2nq', '/assets/images/card_ppl1.png', NOW()),
(2, 'Jane', 'Smith', 'jane@example.com', '$2a$11$.yjULX9RNpuV52BUErA0TOWafLdp2cvBGDa22cpuJLGXd88bnR2nq', '/assets/images/card_ppl2.png', NOW()),
(3, 'Alice', 'Johnson', 'alice@example.com', '$2a$11$.yjULX9RNpuV52BUErA0TOWafLdp2cvBGDa22cpuJLGXd88bnR2nq', '/assets/images/card_ppl3.png', NOW());

-- Posts
INSERT INTO "Posts" ("Id", "Content", "ImageUrl", "IsPrivate", "CreatedAt", "UserId")
VALUES
(1, 'Hello World! This is my first post.', NULL, false, NOW() - INTERVAL '2 days', 1),
(2, 'Enjoying the beautiful weather today!', '/assets/images/post.png', false, NOW() - INTERVAL '1 day', 1),
(3, 'Just a private thought.', NULL, true, NOW() - INTERVAL '5 hours', 2);

-- Comments
INSERT INTO "Comments" ("Id", "Content", "PostId", "UserId", "ParentCommentId", "CreatedAt")
VALUES
(1, 'Welcome to the platform!', 1, 2, NULL, NOW() - INTERVAL '1 day'),
(2, 'Thanks Jane!', 1, 1, 1, NOW() - INTERVAL '20 hours'),
(3, 'Nice photo!', 2, 3, NULL, NOW() - INTERVAL '10 hours');

-- Post Likes
INSERT INTO "PostLikes" ("PostId", "UserId")
VALUES
(1, 2),
(1, 3),
(2, 3);

-- Reset Sequences (Important for Postgres so next INSERT doesn't fail)
SELECT setval(pg_get_serial_sequence('"Users"', 'Id'), (SELECT MAX("Id") FROM "Users"));
SELECT setval(pg_get_serial_sequence('"Posts"', 'Id'), (SELECT MAX("Id") FROM "Posts"));
SELECT setval(pg_get_serial_sequence('"Comments"', 'Id'), (SELECT MAX("Id") FROM "Comments"));
